-- phpMyAdmin SQL Dump
-- version 3.4.10.1deb1
-- http://www.phpmyadmin.net
--
-- Host: localhost
-- Generation Time: Sep 12, 2015 at 04:43 AM
-- Server version: 5.5.44
-- PHP Version: 5.3.10-1ubuntu3.19

SET SQL_MODE="NO_AUTO_VALUE_ON_ZERO";
SET time_zone = "+00:00";


/*!40101 SET @OLD_CHARACTER_SET_CLIENT=@@CHARACTER_SET_CLIENT */;
/*!40101 SET @OLD_CHARACTER_SET_RESULTS=@@CHARACTER_SET_RESULTS */;
/*!40101 SET @OLD_COLLATION_CONNECTION=@@COLLATION_CONNECTION */;
/*!40101 SET NAMES utf8 */;

--
-- Database: `sma`
--

-- --------------------------------------------------------

--
-- Table structure for table `absen`
--

CREATE TABLE IF NOT EXISTS `absen` (
  `id_absen` int(11) NOT NULL AUTO_INCREMENT,
  `nis` varchar(100) COLLATE latin1_general_ci NOT NULL,
  `tgl` datetime NOT NULL,
  `ket` varchar(2) COLLATE latin1_general_ci NOT NULL,
  `id_ta` int(11) NOT NULL,
  `absen` int(2) NOT NULL,
  PRIMARY KEY (`id_absen`)
) ENGINE=MyISAM  DEFAULT CHARSET=latin1 COLLATE=latin1_general_ci AUTO_INCREMENT=3 ;

--
-- Dumping data for table `absen`
--

INSERT INTO `absen` (`id_absen`, `nis`, `tgl`, `ket`, `id_ta`, `absen`) VALUES
(1, '0018', '2011-07-07 08:57:04', 'M', 1, 2),
(2, '0018', '2011-07-13 10:57:50', 'M', 17, 0);

-- --------------------------------------------------------

--
-- Table structure for table `agama`
--

CREATE TABLE IF NOT EXISTS `agama` (
  `id_agama` int(11) NOT NULL AUTO_INCREMENT,
  `agama` varchar(100) COLLATE latin1_general_ci NOT NULL,
  PRIMARY KEY (`id_agama`)
) ENGINE=MyISAM  DEFAULT CHARSET=latin1 COLLATE=latin1_general_ci AUTO_INCREMENT=6 ;

--
-- Dumping data for table `agama`
--

INSERT INTO `agama` (`id_agama`, `agama`) VALUES
(1, 'Islam'),
(2, 'Kristen'),
(3, 'Katolik'),
(4, 'Hindhu'),
(5, 'Budha');

-- --------------------------------------------------------

--
-- Table structure for table `aspek_nilai`
--

CREATE TABLE IF NOT EXISTS `aspek_nilai` (
  `id_aspek_nilai` int(11) NOT NULL AUTO_INCREMENT,
  `jenis_aspek` int(1) NOT NULL,
  `tingkat_aspek` int(1) NOT NULL,
  `id_mapel` int(11) NOT NULL,
  `aspek` varchar(200) NOT NULL,
  PRIMARY KEY (`id_aspek_nilai`)
) ENGINE=InnoDB  DEFAULT CHARSET=latin1 AUTO_INCREMENT=26 ;

--
-- Dumping data for table `aspek_nilai`
--

INSERT INTO `aspek_nilai` (`id_aspek_nilai`, `jenis_aspek`, `tingkat_aspek`, `id_mapel`, `aspek`) VALUES
(6, 1, 1, 2, 'Budi Pekerti'),
(7, 1, 2, 2, 'Kejujuran'),
(8, 1, 3, 2, 'Berbakti Kepada Orang Tua'),
(11, 2, 1, 8, 'Ketelitian'),
(12, 2, 2, 8, 'Kecerdasan'),
(13, 2, 3, 8, 'Inisiatif'),
(14, 2, 4, 8, 'Kemalangan'),
(19, 2, 1, 7, 'Membaca Rumus'),
(20, 2, 2, 7, 'Mengimplementasikan Rumus'),
(21, 2, 3, 7, 'Menyelesaikan dengan Jujur'),
(22, 1, 1, 7, 'Bilangan Aktif'),
(23, 1, 2, 7, 'Bilangan Bulat'),
(24, 1, 3, 7, 'Bilangan Ganjil'),
(25, 1, 4, 7, 'Bilangan Prima');

-- --------------------------------------------------------

--
-- Table structure for table `captcha`
--

CREATE TABLE IF NOT EXISTS `captcha` (
  `captcha_id` bigint(13) unsigned NOT NULL AUTO_INCREMENT,
  `captcha_time` int(10) unsigned DEFAULT NULL,
  `ip_address` varchar(16) DEFAULT NULL,
  `word` varchar(20) DEFAULT NULL,
  PRIMARY KEY (`captcha_id`),
  KEY `word` (`word`)
) ENGINE=MyISAM  DEFAULT CHARSET=latin1 AUTO_INCREMENT=18748 ;

--
-- Dumping data for table `captcha`
--

INSERT INTO `captcha` (`captcha_id`, `captcha_time`, `ip_address`, `word`) VALUES
(17362, NULL, '127.0.0.1', NULL),
(18747, 1442004929, '127.0.0.1', '19631');

-- --------------------------------------------------------

--
-- Table structure for table `guru`
--

CREATE TABLE IF NOT EXISTS `guru` (
  `nip` varchar(20) COLLATE latin1_general_ci NOT NULL,
  `nama` varchar(100) COLLATE latin1_general_ci NOT NULL,
  `tempat_lahir` varchar(100) COLLATE latin1_general_ci NOT NULL,
  `tanggal_lahir` date NOT NULL,
  `alamat` varchar(200) COLLATE latin1_general_ci NOT NULL,
  `agama` int(2) NOT NULL,
  PRIMARY KEY (`nip`)
) ENGINE=InnoDB DEFAULT CHARSET=latin1 COLLATE=latin1_general_ci;

--
-- Dumping data for table `guru`
--

INSERT INTO `guru` (`nip`, `nama`, `tempat_lahir`, `tanggal_lahir`, `alamat`, `agama`) VALUES
('001', 'Cakra Aminuddin,S.Kom', 'Rembang', '1987-07-21', 'Magersari Rembang Jakarta', 1),
('004', 'Solikhin, A. Md. Kom', 'Rembang', '2011-01-01', 'Rembang', 1),
('007', 'Anisa Rahmanti, S. Kom', 'Rembang', '2011-01-01', 'Rembang', 1),
('012', 'Krisna Cahyono,. Kom', 'Rembang', '2011-01-01', 'Rembang Jawa Tengah', 1),
('0125', 'Taryono Wilujeng', 'Rembang', '1989-08-21', 'Magersari Rembang', 1),
('016', 'Bambang Pamungkas', 'Rembang', '2011-01-01', 'Rembang', 1),
('021', 'Herman Supeni', 'Rembang', '2011-01-01', 'Rembang Jawa Tengah', 1),
('12345', 'Ismu Andhim', 'Rembang', '2011-01-01', 'Rembang Jawa Tengah', 1),
('2221', 'Aan', 'Rembang', '2011-01-01', 'Rembang', 1),
('54321', 'Bambang Pamungkas', 'Rembang', '2011-01-01', 'Rembang', 1);

-- --------------------------------------------------------

--
-- Table structure for table `guru_mapel`
--

CREATE TABLE IF NOT EXISTS `guru_mapel` (
  `id_guru_mapel` int(11) NOT NULL AUTO_INCREMENT,
  `id_mapel` int(11) NOT NULL,
  `nip` varchar(20) CHARACTER SET latin1 COLLATE latin1_general_ci NOT NULL,
  `id_team` int(11) NOT NULL,
  `persen` varchar(5) NOT NULL,
  PRIMARY KEY (`id_guru_mapel`),
  KEY `id_mapel` (`id_mapel`),
  KEY `id_team` (`id_team`)
) ENGINE=InnoDB  DEFAULT CHARSET=latin1 AUTO_INCREMENT=7 ;

--
-- Dumping data for table `guru_mapel`
--

INSERT INTO `guru_mapel` (`id_guru_mapel`, `id_mapel`, `nip`, `id_team`, `persen`) VALUES
(4, 2, '001', 1, ''),
(5, 7, '0125', 2, ''),
(6, 9, '001', 3, '');

-- --------------------------------------------------------

--
-- Table structure for table `guru_mapel_kelas`
--

CREATE TABLE IF NOT EXISTS `guru_mapel_kelas` (
  `id_mapel_kelas` int(11) NOT NULL AUTO_INCREMENT,
  `id_mapel` int(11) NOT NULL,
  `id_kelas` int(11) NOT NULL,
  `id_ta` int(11) NOT NULL,
  PRIMARY KEY (`id_mapel_kelas`)
) ENGINE=InnoDB  DEFAULT CHARSET=latin1 AUTO_INCREMENT=26 ;

--
-- Dumping data for table `guru_mapel_kelas`
--

INSERT INTO `guru_mapel_kelas` (`id_mapel_kelas`, `id_mapel`, `id_kelas`, `id_ta`) VALUES
(2, 6, 12, 17),
(3, 6, 13, 17),
(4, 7, 12, 17),
(5, 7, 13, 17),
(6, 8, 12, 17),
(7, 8, 13, 17),
(10, 11, 12, 17),
(11, 11, 13, 17),
(12, 14, 12, 17),
(13, 14, 13, 17),
(14, 12, 12, 17),
(15, 12, 13, 17),
(16, 13, 12, 17),
(17, 13, 13, 17),
(18, 15, 12, 17),
(19, 15, 13, 17),
(20, 2, 22, 1),
(21, 7, 23, 1),
(22, 7, 22, 1),
(23, 2, 22, 1),
(24, 9, 22, 1),
(25, 9, 23, 1);

-- --------------------------------------------------------

--
-- Table structure for table `kelas`
--

CREATE TABLE IF NOT EXISTS `kelas` (
  `id_kelas` int(11) NOT NULL AUTO_INCREMENT,
  `nama` varchar(100) NOT NULL,
  `tingkat` varchar(3) NOT NULL,
  `kode` varchar(5) NOT NULL,
  PRIMARY KEY (`id_kelas`)
) ENGINE=MyISAM  DEFAULT CHARSET=latin1 AUTO_INCREMENT=24 ;

--
-- Dumping data for table `kelas`
--

INSERT INTO `kelas` (`id_kelas`, `nama`, `tingkat`, `kode`) VALUES
(23, '2', 'X', '1'),
(22, '1', 'X', '1');

-- --------------------------------------------------------

--
-- Table structure for table `kelas_siswa`
--

CREATE TABLE IF NOT EXISTS `kelas_siswa` (
  `id_kelas_sis` int(11) NOT NULL AUTO_INCREMENT,
  `id_kelas` int(11) NOT NULL,
  `nis` varchar(20) CHARACTER SET latin1 COLLATE latin1_general_ci NOT NULL,
  `id_ta` int(11) NOT NULL,
  PRIMARY KEY (`id_kelas_sis`)
) ENGINE=MyISAM  DEFAULT CHARSET=latin1 AUTO_INCREMENT=59 ;

--
-- Dumping data for table `kelas_siswa`
--

INSERT INTO `kelas_siswa` (`id_kelas_sis`, `id_kelas`, `nis`, `id_ta`) VALUES
(8, 12, '0018', 1),
(12, 12, '1117', 17),
(11, 12, '1116', 17),
(13, 12, '1118', 17),
(14, 12, '1119', 17),
(15, 12, '1120', 17),
(16, 12, '1121', 17),
(17, 12, '1122', 17),
(18, 12, '1123', 17),
(19, 12, '1124', 17),
(20, 12, '1125', 17),
(21, 12, '1126', 17),
(22, 12, '1127', 17),
(23, 12, '1128', 17),
(24, 12, '1129', 17),
(25, 12, '1130', 17),
(26, 12, '1131', 17),
(27, 12, '1132', 17),
(28, 12, '1133', 17),
(29, 12, '1134', 17),
(30, 12, '1135', 17),
(31, 12, '1136', 17),
(32, 12, '1137', 17),
(33, 12, '1138', 17),
(34, 12, '1139', 17),
(35, 12, '1140', 17),
(36, 12, '1141', 17),
(37, 12, '1142', 17),
(38, 12, '1143', 17),
(39, 12, '1144', 17),
(40, 12, '1145', 17),
(41, 12, '1146', 17),
(42, 12, '1147', 17),
(43, 12, '1148', 17),
(44, 12, '1149', 17),
(45, 12, '1150', 17),
(46, 12, '1151', 17),
(47, 12, '1152', 17),
(48, 12, '1153', 17),
(50, 12, '1190', 17),
(51, 12, '1210', 17),
(52, 15, '2222', 17),
(53, 20, '2233', 17),
(54, 12, '1117', 1),
(55, 22, '1001', 1),
(56, 22, '0025', 1),
(57, 22, '0026', 1),
(58, 22, '0027', 1);

-- --------------------------------------------------------

--
-- Table structure for table `kelas_wali`
--

CREATE TABLE IF NOT EXISTS `kelas_wali` (
  `id_kelas_wali` int(11) NOT NULL AUTO_INCREMENT,
  `id_kelas` int(11) NOT NULL,
  `nip` varchar(20) CHARACTER SET latin1 COLLATE latin1_general_ci NOT NULL,
  `id_ta` int(11) NOT NULL,
  PRIMARY KEY (`id_kelas_wali`)
) ENGINE=InnoDB  DEFAULT CHARSET=latin1 AUTO_INCREMENT=3 ;

--
-- Dumping data for table `kelas_wali`
--

INSERT INTO `kelas_wali` (`id_kelas_wali`, `id_kelas`, `nip`, `id_ta`) VALUES
(1, 23, '2221', 1),
(2, 22, '0125', 1);

-- --------------------------------------------------------

--
-- Table structure for table `kenaikan`
--

CREATE TABLE IF NOT EXISTS `kenaikan` (
  `id_kenaikan` int(11) NOT NULL AUTO_INCREMENT,
  `nis` varchar(20) NOT NULL,
  `id_kelas_siswa` int(11) NOT NULL,
  `status` int(1) NOT NULL,
  `id_ta` int(11) NOT NULL,
  PRIMARY KEY (`id_kenaikan`)
) ENGINE=InnoDB  DEFAULT CHARSET=latin1 AUTO_INCREMENT=39 ;

--
-- Dumping data for table `kenaikan`
--

INSERT INTO `kenaikan` (`id_kenaikan`, `nis`, `id_kelas_siswa`, `status`, `id_ta`) VALUES
(1, '1116', 12, 1, 17),
(2, '1117', 12, 1, 17),
(3, '1120', 12, 1, 17),
(4, '1119', 12, 1, 17),
(5, '1118', 12, 1, 17),
(6, '1121', 12, 1, 17),
(7, '1122', 12, 1, 17),
(8, '1127', 12, 1, 17),
(9, '1126', 12, 1, 17),
(10, '1123', 12, 1, 17),
(11, '1128', 12, 1, 17),
(12, '1124', 12, 1, 17),
(13, '1125', 12, 1, 17),
(14, '1129', 12, 1, 17),
(15, '1134', 12, 1, 17),
(16, '1136', 12, 1, 17),
(17, '1130', 12, 1, 17),
(18, '1133', 12, 1, 17),
(19, '1131', 12, 1, 17),
(20, '1132', 12, 1, 17),
(21, '1135', 12, 1, 17),
(22, '1141', 12, 1, 17),
(23, '1138', 12, 1, 17),
(24, '1137', 12, 1, 17),
(25, '1140', 12, 1, 17),
(26, '1139', 12, 1, 17),
(27, '1142', 12, 1, 17),
(28, '1143', 12, 1, 17),
(29, '1144', 12, 1, 17),
(30, '1149', 12, 1, 17),
(31, '1146', 12, 1, 17),
(32, '1148', 12, 1, 17),
(33, '1145', 12, 1, 17),
(34, '1147', 12, 1, 17),
(35, '1150', 12, 1, 17),
(36, '1151', 12, 1, 17),
(37, '1153', 12, 1, 17),
(38, '1152', 12, 1, 17);

-- --------------------------------------------------------

--
-- Table structure for table `kepala`
--

CREATE TABLE IF NOT EXISTS `kepala` (
  `id_kepala` int(1) NOT NULL AUTO_INCREMENT,
  `nama_kep` varchar(100) NOT NULL,
  `nip_kep` varchar(100) NOT NULL,
  PRIMARY KEY (`id_kepala`)
) ENGINE=InnoDB DEFAULT CHARSET=latin1 AUTO_INCREMENT=1 ;

-- --------------------------------------------------------

--
-- Table structure for table `mapel`
--

CREATE TABLE IF NOT EXISTS `mapel` (
  `id_mapel` int(11) NOT NULL AUTO_INCREMENT,
  `mapel` varchar(100) NOT NULL,
  `jenis` varchar(100) NOT NULL,
  `jum_jam_mapel` int(2) NOT NULL,
  `harian` int(1) NOT NULL,
  `tugas` int(1) NOT NULL,
  `ulangan` int(1) NOT NULL,
  PRIMARY KEY (`id_mapel`)
) ENGINE=InnoDB  DEFAULT CHARSET=latin1 AUTO_INCREMENT=10 ;

--
-- Dumping data for table `mapel`
--

INSERT INTO `mapel` (`id_mapel`, `mapel`, `jenis`, `jum_jam_mapel`, `harian`, `tugas`, `ulangan`) VALUES
(2, 'Pendidikan Agama dan Budi Pekerti', 'A', 0, 0, 0, 0),
(3, 'PKn', 'A', 0, 0, 0, 0),
(4, 'Bahasa Indonesia', 'A', 0, 0, 0, 0),
(5, 'Seni Budaya', 'B', 0, 0, 0, 0),
(6, 'Penjas dan Orkes', 'B', 0, 0, 0, 0),
(7, 'Matematikia', 'C', 0, 0, 0, 0),
(8, 'Biologi', 'C', 0, 0, 0, 0),
(9, 'Bahasa Perancis', 'Peminatan', 0, 0, 0, 0);

-- --------------------------------------------------------

--
-- Table structure for table `nilai`
--

CREATE TABLE IF NOT EXISTS `nilai` (
  `id_nilai` int(11) NOT NULL AUTO_INCREMENT,
  `id_guru_mapel` int(11) NOT NULL,
  `id_kelas` int(11) NOT NULL,
  `nilai` varchar(5) NOT NULL,
  `nis` varchar(20) NOT NULL,
  `id_ta` int(5) NOT NULL,
  `semester` int(5) NOT NULL,
  `tingkat` int(2) NOT NULL,
  `ket` int(11) NOT NULL,
  `jenis` int(1) NOT NULL,
  PRIMARY KEY (`id_nilai`)
) ENGINE=InnoDB  DEFAULT CHARSET=latin1 AUTO_INCREMENT=413 ;

--
-- Dumping data for table `nilai`
--

INSERT INTO `nilai` (`id_nilai`, `id_guru_mapel`, `id_kelas`, `nilai`, `nis`, `id_ta`, `semester`, `tingkat`, `ket`, `jenis`) VALUES
(1, 28, 12, '80', '1118', 17, 2, 1, 1, 0),
(2, 28, 12, '80', '1119', 17, 2, 1, 1, 0),
(3, 28, 12, '80', '1190', 17, 2, 1, 1, 0),
(4, 28, 12, '80', '1117', 17, 2, 1, 1, 0),
(5, 28, 12, '80', '1210', 17, 2, 1, 1, 0),
(6, 28, 12, '80', '1116', 17, 2, 1, 1, 0),
(7, 28, 12, '80', '1120', 17, 2, 1, 1, 0),
(8, 28, 12, '80', '1122', 17, 2, 1, 1, 0),
(9, 28, 12, '80', '1121', 17, 2, 1, 1, 0),
(10, 28, 12, '80', '1125', 17, 2, 1, 1, 0),
(11, 28, 12, '80', '1126', 17, 2, 1, 1, 0),
(12, 28, 12, '80', '1124', 17, 2, 1, 1, 0),
(13, 28, 12, '80', '1123', 17, 2, 1, 1, 0),
(14, 28, 12, '80', '1127', 17, 2, 1, 1, 0),
(15, 28, 12, '80', '1128', 17, 2, 1, 1, 0),
(16, 28, 12, '80', '1131', 17, 2, 1, 1, 0),
(17, 28, 12, '80', '1129', 17, 2, 1, 1, 0),
(18, 28, 12, '80', '1134', 17, 2, 1, 1, 0),
(19, 28, 12, '80', '1130', 17, 2, 1, 1, 0),
(20, 28, 12, '80', '1133', 17, 2, 1, 1, 0),
(21, 28, 12, '80', '1132', 17, 2, 1, 1, 0),
(22, 28, 12, '80', '1136', 17, 2, 1, 1, 0),
(23, 28, 12, '80', '1135', 17, 2, 1, 1, 0),
(24, 28, 12, '80', '1137', 17, 2, 1, 1, 0),
(25, 28, 12, '80', '1139', 17, 2, 1, 1, 0),
(26, 28, 12, '80', '1138', 17, 2, 1, 1, 0),
(27, 28, 12, '80', '1140', 17, 2, 1, 1, 0),
(28, 28, 12, '80', '1141', 17, 2, 1, 1, 0),
(29, 28, 12, '80', '1142', 17, 2, 1, 1, 0),
(30, 28, 12, '80', '1145', 17, 2, 1, 1, 0),
(31, 28, 12, '80', '1144', 17, 2, 1, 1, 0),
(32, 28, 12, '80', '1143', 17, 2, 1, 1, 0),
(33, 28, 12, '80', '1147', 17, 2, 1, 1, 0),
(34, 28, 12, '80', '1146', 17, 2, 1, 1, 0),
(35, 28, 12, '80', '1148', 17, 2, 1, 1, 0),
(36, 28, 12, '80', '1149', 17, 2, 1, 1, 0),
(37, 28, 12, '80', '1151', 17, 2, 1, 1, 0),
(38, 28, 12, '80', '1150', 17, 2, 1, 1, 0),
(39, 28, 12, '80', '1152', 17, 2, 1, 1, 0),
(40, 28, 12, '80', '1153', 17, 2, 1, 1, 0),
(41, 14, 12, '80', '1117', 17, 2, 1, 1, 0),
(42, 14, 12, '80', '1119', 17, 2, 1, 1, 0),
(43, 14, 12, '80', '1118', 17, 2, 1, 1, 0),
(44, 14, 12, '80', '1190', 17, 2, 1, 1, 0),
(45, 14, 12, '80', '1116', 17, 2, 1, 1, 0),
(46, 14, 12, '80', '1210', 17, 2, 1, 1, 0),
(47, 14, 12, '80', '1120', 17, 2, 1, 1, 0),
(48, 14, 12, '80', '1125', 17, 2, 1, 1, 0),
(49, 14, 12, '80', '1123', 17, 2, 1, 1, 0),
(50, 14, 12, '80', '1126', 17, 2, 1, 1, 0),
(51, 14, 12, '80', '1121', 17, 2, 1, 1, 0),
(52, 14, 12, '80', '1122', 17, 2, 1, 1, 0),
(53, 14, 12, '80', '1124', 17, 2, 1, 1, 0),
(54, 14, 12, '80', '1127', 17, 2, 1, 1, 0),
(55, 14, 12, '80', '1128', 17, 2, 1, 1, 0),
(56, 14, 12, '80', '1130', 17, 2, 1, 1, 0),
(57, 14, 12, '80', '1129', 17, 2, 1, 1, 0),
(58, 14, 12, '80', '1131', 17, 2, 1, 1, 0),
(59, 14, 12, '80', '1132', 17, 2, 1, 1, 0),
(60, 14, 12, '80', '1136', 17, 2, 1, 1, 0),
(61, 14, 12, '80', '1133', 17, 2, 1, 1, 0),
(62, 14, 12, '80', '1134', 17, 2, 1, 1, 0),
(63, 14, 12, '80', '1135', 17, 2, 1, 1, 0),
(64, 14, 12, '80', '1139', 17, 2, 1, 1, 0),
(65, 14, 12, '80', '1137', 17, 2, 1, 1, 0),
(66, 14, 12, '80', '1138', 17, 2, 1, 1, 0),
(67, 14, 12, '80', '1141', 17, 2, 1, 1, 0),
(68, 14, 12, '80', '1142', 17, 2, 1, 1, 0),
(69, 14, 12, '80', '1140', 17, 2, 1, 1, 0),
(70, 14, 12, '80', '1143', 17, 2, 1, 1, 0),
(71, 14, 12, '80', '1147', 17, 2, 1, 1, 0),
(72, 14, 12, '80', '1144', 17, 2, 1, 1, 0),
(73, 14, 12, '80', '1145', 17, 2, 1, 1, 0),
(74, 14, 12, '80', '1146', 17, 2, 1, 1, 0),
(75, 14, 12, '80', '1148', 17, 2, 1, 1, 0),
(76, 14, 12, '80', '1149', 17, 2, 1, 1, 0),
(77, 14, 12, '80', '1150', 17, 2, 1, 1, 0),
(78, 14, 12, '80', '1153', 17, 2, 1, 1, 0),
(79, 14, 12, '80', '1152', 17, 2, 1, 1, 0),
(80, 14, 12, '80', '1151', 17, 2, 1, 1, 0),
(81, 16, 12, '80', '1210', 17, 2, 1, 1, 0),
(82, 16, 12, '80', '1118', 17, 2, 1, 1, 0),
(83, 16, 12, '80', '1119', 17, 2, 1, 1, 0),
(84, 16, 12, '80', '1190', 17, 2, 1, 1, 0),
(85, 16, 12, '80', '1116', 17, 2, 1, 1, 0),
(86, 16, 12, '80', '1117', 17, 2, 1, 1, 0),
(87, 16, 12, '80', '1120', 17, 2, 1, 1, 0),
(88, 16, 12, '80', '1123', 17, 2, 1, 1, 0),
(89, 16, 12, '80', '1122', 17, 2, 1, 1, 0),
(90, 16, 12, '80', '1124', 17, 2, 1, 1, 0),
(91, 16, 12, '80', '1125', 17, 2, 1, 1, 0),
(92, 16, 12, '80', '1121', 17, 2, 1, 1, 0),
(93, 16, 12, '80', '1126', 17, 2, 1, 1, 0),
(94, 16, 12, '80', '1127', 17, 2, 1, 1, 0),
(95, 16, 12, '80', '1128', 17, 2, 1, 1, 0),
(96, 16, 12, '80', '1130', 17, 2, 1, 1, 0),
(97, 16, 12, '80', '1129', 17, 2, 1, 1, 0),
(98, 16, 12, '80', '1131', 17, 2, 1, 1, 0),
(99, 16, 12, '80', '1132', 17, 2, 1, 1, 0),
(100, 16, 12, '80', '1133', 17, 2, 1, 1, 0),
(101, 16, 12, '80', '1137', 17, 2, 1, 1, 0),
(102, 16, 12, '80', '1135', 17, 2, 1, 1, 0),
(103, 16, 12, '80', '1134', 17, 2, 1, 1, 0),
(104, 16, 12, '80', '1136', 17, 2, 1, 1, 0),
(105, 16, 12, '80', '1138', 17, 2, 1, 1, 0),
(106, 16, 12, '80', '1139', 17, 2, 1, 1, 0),
(107, 16, 12, '80', '1140', 17, 2, 1, 1, 0),
(108, 16, 12, '80', '1143', 17, 2, 1, 1, 0),
(109, 16, 12, '80', '1144', 17, 2, 1, 1, 0),
(110, 16, 12, '80', '1142', 17, 2, 1, 1, 0),
(111, 16, 12, '80', '1141', 17, 2, 1, 1, 0),
(112, 16, 12, '80', '1145', 17, 2, 1, 1, 0),
(113, 16, 12, '80', '1147', 17, 2, 1, 1, 0),
(114, 16, 12, '80', '1146', 17, 2, 1, 1, 0),
(115, 16, 12, '80', '1149', 17, 2, 1, 1, 0),
(116, 16, 12, '80', '1150', 17, 2, 1, 1, 0),
(117, 16, 12, '80', '1151', 17, 2, 1, 1, 0),
(118, 16, 12, '80', '1148', 17, 2, 1, 1, 0),
(119, 16, 12, '80', '1152', 17, 2, 1, 1, 0),
(120, 16, 12, '80', '1153', 17, 2, 1, 1, 0),
(121, 16, 12, '70', '1119', 17, 2, 2, 1, 0),
(122, 16, 12, '70', '1118', 17, 2, 2, 1, 0),
(123, 16, 12, '70', '1120', 17, 2, 2, 1, 0),
(124, 16, 12, '70', '1190', 17, 2, 2, 1, 0),
(125, 16, 12, '70', '1116', 17, 2, 2, 1, 0),
(126, 16, 12, '70', '1210', 17, 2, 2, 1, 0),
(127, 16, 12, '70', '1117', 17, 2, 2, 1, 0),
(128, 16, 12, '70', '1121', 17, 2, 2, 1, 0),
(129, 16, 12, '70', '1125', 17, 2, 2, 1, 0),
(130, 16, 12, '70', '1122', 17, 2, 2, 1, 0),
(131, 16, 12, '70', '1123', 17, 2, 2, 1, 0),
(132, 16, 12, '70', '1126', 17, 2, 2, 1, 0),
(133, 16, 12, '70', '1124', 17, 2, 2, 1, 0),
(134, 16, 12, '70', '1127', 17, 2, 2, 1, 0),
(135, 16, 12, '70', '1128', 17, 2, 2, 1, 0),
(136, 16, 12, '70', '1130', 17, 2, 2, 1, 0),
(137, 16, 12, '70', '1132', 17, 2, 2, 1, 0),
(138, 16, 12, '70', '1133', 17, 2, 2, 1, 0),
(139, 16, 12, '70', '1129', 17, 2, 2, 1, 0),
(140, 16, 12, '70', '1131', 17, 2, 2, 1, 0),
(141, 16, 12, '70', '1134', 17, 2, 2, 1, 0),
(142, 16, 12, '70', '1136', 17, 2, 2, 1, 0),
(143, 16, 12, '70', '1138', 17, 2, 2, 1, 0),
(144, 16, 12, '70', '1140', 17, 2, 2, 1, 0),
(145, 16, 12, '70', '1139', 17, 2, 2, 1, 0),
(146, 16, 12, '70', '1137', 17, 2, 2, 1, 0),
(147, 16, 12, '70', '1135', 17, 2, 2, 1, 0),
(148, 16, 12, '70', '1141', 17, 2, 2, 1, 0),
(149, 16, 12, '70', '1145', 17, 2, 2, 1, 0),
(150, 16, 12, '70', '1143', 17, 2, 2, 1, 0),
(151, 16, 12, '70', '1144', 17, 2, 2, 1, 0),
(152, 16, 12, '70', '1147', 17, 2, 2, 1, 0),
(153, 16, 12, '70', '1142', 17, 2, 2, 1, 0),
(154, 16, 12, '70', '1146', 17, 2, 2, 1, 0),
(155, 16, 12, '70', '1148', 17, 2, 2, 1, 0),
(156, 16, 12, '70', '1150', 17, 2, 2, 1, 0),
(157, 16, 12, '70', '1149', 17, 2, 2, 1, 0),
(158, 16, 12, '70', '1152', 17, 2, 2, 1, 0),
(159, 16, 12, '70', '1151', 17, 2, 2, 1, 0),
(160, 16, 12, '70', '1153', 17, 2, 2, 1, 0),
(161, 17, 12, '80', '1117', 17, 2, 1, 1, 0),
(162, 17, 12, '80', '1190', 17, 2, 1, 1, 0),
(163, 17, 12, '80', '1210', 17, 2, 1, 1, 0),
(164, 17, 12, '80', '1116', 17, 2, 1, 1, 0),
(165, 17, 12, '80', '1119', 17, 2, 1, 1, 0),
(166, 17, 12, '80', '1118', 17, 2, 1, 1, 0),
(167, 17, 12, '80', '1120', 17, 2, 1, 1, 0),
(168, 17, 12, '80', '1123', 17, 2, 1, 1, 0),
(169, 17, 12, '80', '1121', 17, 2, 1, 1, 0),
(170, 17, 12, '80', '1122', 17, 2, 1, 1, 0),
(171, 17, 12, '80', '1125', 17, 2, 1, 1, 0),
(172, 17, 12, '80', '1124', 17, 2, 1, 1, 0),
(173, 17, 12, '80', '1126', 17, 2, 1, 1, 0),
(174, 17, 12, '80', '1127', 17, 2, 1, 1, 0),
(175, 17, 12, '80', '1130', 17, 2, 1, 1, 0),
(176, 17, 12, '80', '1131', 17, 2, 1, 1, 0),
(177, 17, 12, '80', '1128', 17, 2, 1, 1, 0),
(178, 17, 12, '80', '1129', 17, 2, 1, 1, 0),
(179, 17, 12, '80', '1132', 17, 2, 1, 1, 0),
(180, 17, 12, '80', '1133', 17, 2, 1, 1, 0),
(181, 17, 12, '80', '1134', 17, 2, 1, 1, 0),
(182, 17, 12, '80', '1136', 17, 2, 1, 1, 0),
(183, 17, 12, '80', '1139', 17, 2, 1, 1, 0),
(184, 17, 12, '80', '1138', 17, 2, 1, 1, 0),
(185, 17, 12, '80', '1135', 17, 2, 1, 1, 0),
(186, 17, 12, '80', '1137', 17, 2, 1, 1, 0),
(187, 17, 12, '80', '1141', 17, 2, 1, 1, 0),
(188, 17, 12, '80', '1140', 17, 2, 1, 1, 0),
(189, 17, 12, '80', '1142', 17, 2, 1, 1, 0),
(190, 17, 12, '80', '1144', 17, 2, 1, 1, 0),
(191, 17, 12, '80', '1146', 17, 2, 1, 1, 0),
(192, 17, 12, '80', '1147', 17, 2, 1, 1, 0),
(193, 17, 12, '80', '1145', 17, 2, 1, 1, 0),
(194, 17, 12, '80', '1143', 17, 2, 1, 1, 0),
(195, 17, 12, '80', '1148', 17, 2, 1, 1, 0),
(196, 17, 12, '80', '1149', 17, 2, 1, 1, 0),
(197, 17, 12, '80', '1150', 17, 2, 1, 1, 0),
(198, 17, 12, '80', '1152', 17, 2, 1, 1, 0),
(199, 17, 12, '80', '1151', 17, 2, 1, 1, 0),
(200, 17, 12, '80', '1153', 17, 2, 1, 1, 0),
(201, 30, 12, '90', '1116', 17, 2, 1, 1, 0),
(202, 30, 12, '90', '1210', 17, 2, 1, 1, 0),
(203, 30, 12, '90', '1117', 17, 2, 1, 1, 0),
(204, 30, 12, '90', '1190', 17, 2, 1, 1, 0),
(205, 30, 12, '90', '1118', 17, 2, 1, 1, 0),
(206, 30, 12, '90', '1119', 17, 2, 1, 1, 0),
(207, 30, 12, '90', '1120', 17, 2, 1, 1, 0),
(208, 30, 12, '90', '1121', 17, 2, 1, 1, 0),
(209, 30, 12, '90', '1122', 17, 2, 1, 1, 0),
(210, 30, 12, '90', '1126', 17, 2, 1, 1, 0),
(211, 30, 12, '90', '1128', 17, 2, 1, 1, 0),
(212, 30, 12, '90', '1127', 17, 2, 1, 1, 0),
(213, 30, 12, '90', '1124', 17, 2, 1, 1, 0),
(214, 30, 12, '90', '1125', 17, 2, 1, 1, 0),
(215, 30, 12, '90', '1123', 17, 2, 1, 1, 0),
(216, 30, 12, '90', '1129', 17, 2, 1, 1, 0),
(217, 30, 12, '90', '1131', 17, 2, 1, 1, 0),
(218, 30, 12, '90', '1133', 17, 2, 1, 1, 0),
(219, 30, 12, '90', '1136', 17, 2, 1, 1, 0),
(220, 30, 12, '90', '1132', 17, 2, 1, 1, 0),
(221, 30, 12, '90', '1130', 17, 2, 1, 1, 0),
(222, 30, 12, '90', '1134', 17, 2, 1, 1, 0),
(223, 30, 12, '90', '1135', 17, 2, 1, 1, 0),
(224, 30, 12, '90', '1139', 17, 2, 1, 1, 0),
(225, 30, 12, '90', '1138', 17, 2, 1, 1, 0),
(226, 30, 12, '90', '1137', 17, 2, 1, 1, 0),
(227, 30, 12, '90', '1140', 17, 2, 1, 1, 0),
(228, 30, 12, '90', '1141', 17, 2, 1, 1, 0),
(229, 30, 12, '90', '1142', 17, 2, 1, 1, 0),
(230, 30, 12, '90', '1143', 17, 2, 1, 1, 0),
(231, 30, 12, '90', '1147', 17, 2, 1, 1, 0),
(232, 30, 12, '90', '1148', 17, 2, 1, 1, 0),
(233, 30, 12, '90', '1149', 17, 2, 1, 1, 0),
(234, 30, 12, '90', '1144', 17, 2, 1, 1, 0),
(235, 30, 12, '90', '1146', 17, 2, 1, 1, 0),
(236, 30, 12, '90', '1145', 17, 2, 1, 1, 0),
(237, 30, 12, '90', '1150', 17, 2, 1, 1, 0),
(238, 30, 12, '90', '1152', 17, 2, 1, 1, 0),
(239, 30, 12, '90', '1151', 17, 2, 1, 1, 0),
(240, 30, 12, '90', '1153', 17, 2, 1, 1, 0),
(241, 18, 12, '90', '1116', 17, 2, 1, 1, 0),
(242, 18, 12, '90', '1210', 17, 2, 1, 1, 0),
(243, 18, 12, '90', '1117', 17, 2, 1, 1, 0),
(244, 18, 12, '90', '1119', 17, 2, 1, 1, 0),
(245, 18, 12, '90', '1190', 17, 2, 1, 1, 0),
(246, 18, 12, '90', '1118', 17, 2, 1, 1, 0),
(247, 18, 12, '90', '1120', 17, 2, 1, 1, 0),
(248, 18, 12, '90', '1121', 17, 2, 1, 1, 0),
(249, 18, 12, '90', '1124', 17, 2, 1, 1, 0),
(250, 18, 12, '90', '1123', 17, 2, 1, 1, 0),
(251, 18, 12, '90', '1122', 17, 2, 1, 1, 0),
(252, 18, 12, '90', '1127', 17, 2, 1, 1, 0),
(253, 18, 12, '90', '1125', 17, 2, 1, 1, 0),
(254, 18, 12, '90', '1126', 17, 2, 1, 1, 0),
(255, 18, 12, '90', '1128', 17, 2, 1, 1, 0),
(256, 18, 12, '90', '1129', 17, 2, 1, 1, 0),
(257, 18, 12, '90', '1133', 17, 2, 1, 1, 0),
(258, 18, 12, '90', '1131', 17, 2, 1, 1, 0),
(259, 18, 12, '90', '1132', 17, 2, 1, 1, 0),
(260, 18, 12, '90', '1130', 17, 2, 1, 1, 0),
(261, 18, 12, '90', '1134', 17, 2, 1, 1, 0),
(262, 18, 12, '90', '1136', 17, 2, 1, 1, 0),
(263, 18, 12, '90', '1135', 17, 2, 1, 1, 0),
(264, 18, 12, '90', '1140', 17, 2, 1, 1, 0),
(265, 18, 12, '90', '1139', 17, 2, 1, 1, 0),
(266, 18, 12, '90', '1142', 17, 2, 1, 1, 0),
(267, 18, 12, '90', '1138', 17, 2, 1, 1, 0),
(268, 18, 12, '90', '1137', 17, 2, 1, 1, 0),
(269, 18, 12, '90', '1141', 17, 2, 1, 1, 0),
(270, 18, 12, '90', '1143', 17, 2, 1, 1, 0),
(271, 18, 12, '90', '1144', 17, 2, 1, 1, 0),
(272, 18, 12, '90', '1145', 17, 2, 1, 1, 0),
(273, 18, 12, '90', '1148', 17, 2, 1, 1, 0),
(274, 18, 12, '90', '1147', 17, 2, 1, 1, 0),
(275, 18, 12, '90', '1146', 17, 2, 1, 1, 0),
(276, 18, 12, '90', '1149', 17, 2, 1, 1, 0),
(277, 18, 12, '90', '1150', 17, 2, 1, 1, 0),
(278, 18, 12, '90', '1151', 17, 2, 1, 1, 0),
(279, 18, 12, '90', '1152', 17, 2, 1, 1, 0),
(280, 18, 12, '90', '1153', 17, 2, 1, 1, 0),
(281, 19, 12, '90', '1116', 17, 2, 1, 1, 0),
(282, 19, 12, '90', '1210', 17, 2, 1, 1, 0),
(283, 19, 12, '90', '1117', 17, 2, 1, 1, 0),
(284, 19, 12, '90', '1118', 17, 2, 1, 1, 0),
(285, 19, 12, '90', '1119', 17, 2, 1, 1, 0),
(286, 19, 12, '90', '1190', 17, 2, 1, 1, 0),
(287, 19, 12, '90', '1120', 17, 2, 1, 1, 0),
(288, 19, 12, '90', '1125', 17, 2, 1, 1, 0),
(289, 19, 12, '90', '1122', 17, 2, 1, 1, 0),
(290, 19, 12, '90', '1123', 17, 2, 1, 1, 0),
(291, 19, 12, '90', '1121', 17, 2, 1, 1, 0),
(292, 19, 12, '90', '1124', 17, 2, 1, 1, 0),
(293, 19, 12, '90', '1126', 17, 2, 1, 1, 0),
(294, 19, 12, '90', '1131', 17, 2, 1, 1, 0),
(295, 19, 12, '90', '1128', 17, 2, 1, 1, 0),
(296, 19, 12, '90', '1130', 17, 2, 1, 1, 0),
(297, 19, 12, '90', '1132', 17, 2, 1, 1, 0),
(298, 19, 12, '90', '1129', 17, 2, 1, 1, 0),
(299, 19, 12, '90', '1127', 17, 2, 1, 1, 0),
(300, 19, 12, '90', '1133', 17, 2, 1, 1, 0),
(301, 19, 12, '90', '1137', 17, 2, 1, 1, 0),
(302, 19, 12, '90', '1138', 17, 2, 1, 1, 0),
(303, 19, 12, '90', '1135', 17, 2, 1, 1, 0),
(304, 19, 12, '90', '1136', 17, 2, 1, 1, 0),
(305, 19, 12, '90', '1134', 17, 2, 1, 1, 0),
(306, 19, 12, '90', '1139', 17, 2, 1, 1, 0),
(307, 19, 12, '90', '1140', 17, 2, 1, 1, 0),
(308, 19, 12, '90', '1143', 17, 2, 1, 1, 0),
(309, 19, 12, '90', '1142', 17, 2, 1, 1, 0),
(310, 19, 12, '90', '1144', 17, 2, 1, 1, 0),
(311, 19, 12, '90', '1141', 17, 2, 1, 1, 0),
(312, 19, 12, '90', '1145', 17, 2, 1, 1, 0),
(313, 19, 12, '90', '1147', 17, 2, 1, 1, 0),
(314, 19, 12, '90', '1146', 17, 2, 1, 1, 0),
(315, 19, 12, '90', '1148', 17, 2, 1, 1, 0),
(316, 19, 12, '90', '1151', 17, 2, 1, 1, 0),
(317, 19, 12, '90', '1149', 17, 2, 1, 1, 0),
(318, 19, 12, '90', '1150', 17, 2, 1, 1, 0),
(319, 19, 12, '90', '1153', 17, 2, 1, 1, 0),
(320, 19, 12, '90', '1152', 17, 2, 1, 1, 0),
(321, 18, 12, '70', '1210', 17, 2, 2, 1, 0),
(322, 18, 12, '70', '1116', 17, 2, 2, 1, 0),
(323, 18, 12, '70', '1119', 17, 2, 2, 1, 0),
(324, 18, 12, '70', '1118', 17, 2, 2, 1, 0),
(325, 18, 12, '70', '1190', 17, 2, 2, 1, 0),
(326, 18, 12, '70', '1117', 17, 2, 2, 1, 0),
(327, 18, 12, '70', '1120', 17, 2, 2, 1, 0),
(328, 18, 12, '70', '1124', 17, 2, 2, 1, 0),
(329, 18, 12, '70', '1121', 17, 2, 2, 1, 0),
(330, 18, 12, '70', '1125', 17, 2, 2, 1, 0),
(331, 18, 12, '70', '1122', 17, 2, 2, 1, 0),
(332, 18, 12, '70', '1123', 17, 2, 2, 1, 0),
(333, 18, 12, '70', '1126', 17, 2, 2, 1, 0),
(334, 18, 12, '70', '1127', 17, 2, 2, 1, 0),
(335, 18, 12, '70', '1131', 17, 2, 2, 1, 0),
(336, 18, 12, '70', '1129', 17, 2, 2, 1, 0),
(337, 18, 12, '70', '1130', 17, 2, 2, 1, 0),
(338, 18, 12, '70', '1128', 17, 2, 2, 1, 0),
(339, 18, 12, '70', '1132', 17, 2, 2, 1, 0),
(340, 18, 12, '70', '1133', 17, 2, 2, 1, 0),
(341, 18, 12, '70', '1134', 17, 2, 2, 1, 0),
(342, 18, 12, '70', '1136', 17, 2, 2, 1, 0),
(343, 18, 12, '70', '1137', 17, 2, 2, 1, 0),
(344, 18, 12, '70', '1135', 17, 2, 2, 1, 0),
(345, 18, 12, '70', '1138', 17, 2, 2, 1, 0),
(346, 18, 12, '70', '1140', 17, 2, 2, 1, 0),
(347, 18, 12, '70', '1144', 17, 2, 2, 1, 0),
(348, 18, 12, '70', '1139', 17, 2, 2, 1, 0),
(349, 18, 12, '70', '1142', 17, 2, 2, 1, 0),
(350, 18, 12, '70', '1143', 17, 2, 2, 1, 0),
(351, 18, 12, '70', '1141', 17, 2, 2, 1, 0),
(352, 18, 12, '70', '1145', 17, 2, 2, 1, 0),
(353, 18, 12, '70', '1147', 17, 2, 2, 1, 0),
(354, 18, 12, '70', '1148', 17, 2, 2, 1, 0),
(355, 18, 12, '70', '1146', 17, 2, 2, 1, 0),
(356, 18, 12, '70', '1149', 17, 2, 2, 1, 0),
(357, 18, 12, '70', '1150', 17, 2, 2, 1, 0),
(358, 18, 12, '70', '1152', 17, 2, 2, 1, 0),
(359, 18, 12, '70', '1151', 17, 2, 2, 1, 0),
(360, 18, 12, '70', '1153', 17, 2, 2, 1, 0),
(361, 5, 22, '87', '1001', 1, 2, 1, 1, 1),
(362, 5, 22, '90', '0027', 1, 2, 1, 1, 1),
(363, 5, 22, '86', '0026', 1, 2, 1, 1, 1),
(364, 5, 22, '85', '0025', 1, 2, 1, 1, 1),
(365, 5, 22, '65', '0027', 1, 2, 2, 0, 1),
(366, 5, 22, '76', '0026', 1, 2, 2, 0, 1),
(367, 5, 22, '66', '1001', 1, 2, 2, 0, 1),
(368, 5, 22, '88', '0025', 1, 2, 2, 0, 1),
(369, 5, 22, '90', '1001', 1, 2, 3, 0, 0),
(370, 5, 22, '88', '0027', 1, 2, 3, 0, 0),
(371, 5, 22, '85', '0025', 1, 2, 3, 0, 0),
(372, 5, 22, '86', '0026', 1, 2, 3, 0, 0),
(373, 5, 22, '1', '0026', 1, 2, 1, 1, 3),
(374, 5, 22, '1', '0027', 1, 2, 1, 1, 3),
(375, 5, 22, '1', '0025', 1, 2, 1, 1, 3),
(376, 5, 22, '1', '1001', 1, 2, 1, 1, 3),
(377, 5, 22, '52', '0026', 1, 2, 2, 0, 1),
(378, 5, 22, '51', '1001', 1, 2, 2, 0, 1),
(379, 5, 22, '50', '0027', 1, 2, 2, 0, 1),
(380, 5, 22, '53', '0025', 1, 2, 2, 0, 1),
(381, 5, 22, '90', '0027', 1, 2, 2, 0, 1),
(382, 5, 22, '93', '0025', 1, 2, 2, 0, 1),
(383, 5, 22, '91', '1001', 1, 2, 2, 0, 1),
(384, 5, 22, '92', '0026', 1, 2, 2, 0, 1),
(385, 5, 22, '91', '1001', 1, 2, 2, 0, 1),
(386, 5, 22, '90', '0027', 1, 2, 2, 0, 1),
(387, 5, 22, '92', '0026', 1, 2, 2, 0, 1),
(388, 5, 22, '93', '0025', 1, 2, 2, 0, 1),
(389, 5, 22, '92', '0026', 1, 2, 2, 0, 1),
(390, 5, 22, '91', '1001', 1, 2, 2, 0, 1),
(391, 5, 22, '90', '0027', 1, 2, 2, 0, 1),
(392, 5, 22, '93', '0025', 1, 2, 2, 0, 1),
(393, 5, 22, '90', '0027', 1, 2, 2, 1, 1),
(394, 5, 22, '93', '0025', 1, 2, 2, 1, 1),
(395, 5, 22, '91', '1001', 1, 2, 2, 1, 1),
(396, 5, 22, '92', '0026', 1, 2, 2, 1, 1),
(397, 5, 22, '81', '1001', 1, 2, 3, 0, 1),
(398, 5, 22, '83', '0025', 1, 2, 3, 0, 1),
(399, 5, 22, '82', '0026', 1, 2, 3, 0, 1),
(400, 5, 22, '80', '0027', 1, 2, 3, 0, 1),
(401, 5, 22, '85', '0025', 1, 2, 1, 1, 2),
(402, 5, 22, '83', '0026', 1, 2, 1, 1, 2),
(403, 5, 22, '80', '0027', 1, 2, 1, 1, 2),
(404, 5, 22, '82', '1001', 1, 2, 1, 1, 2),
(405, 5, 22, '80', '0027', 1, 2, 1, 2, 1),
(406, 5, 22, '83', '0025', 1, 2, 1, 2, 1),
(407, 5, 22, '82', '0026', 1, 2, 1, 2, 1),
(408, 5, 22, '81', '1001', 1, 2, 1, 2, 1),
(409, 5, 22, 'undef', '0027', 1, 2, 1, 2, 2),
(410, 5, 22, 'undef', '1001', 1, 2, 1, 2, 2),
(411, 5, 22, 'undef', '0026', 1, 2, 1, 2, 2),
(412, 5, 22, 'undef', '0025', 1, 2, 1, 2, 2);

-- --------------------------------------------------------

--
-- Table structure for table `nilai_sikap`
--

CREATE TABLE IF NOT EXISTS `nilai_sikap` (
  `id_nilai_sikap` int(11) NOT NULL AUTO_INCREMENT,
  `id_guru_mapel` int(11) NOT NULL,
  `id_kelas` int(11) NOT NULL,
  `nilai_buka` varchar(5) NOT NULL,
  `nilai_tekun` varchar(5) NOT NULL,
  `nilai_rajin` varchar(5) NOT NULL,
  `nilai_rasa` varchar(5) NOT NULL,
  `nilai_disiplin` varchar(5) NOT NULL,
  `nilai_kerjasama` varchar(5) NOT NULL,
  `nilai_ramah` varchar(5) NOT NULL,
  `nilai_hormat` varchar(5) NOT NULL,
  `nilai_jujur` varchar(5) NOT NULL,
  `nilai_janji` varchar(5) NOT NULL,
  `nilai_peduli` varchar(5) NOT NULL,
  `nilai_jawab` varchar(5) NOT NULL,
  `nis` varchar(20) NOT NULL,
  `id_ta` int(5) NOT NULL,
  `semester` int(5) NOT NULL,
  `ket` int(2) NOT NULL,
  PRIMARY KEY (`id_nilai_sikap`)
) ENGINE=InnoDB  DEFAULT CHARSET=latin1 AUTO_INCREMENT=8 ;

--
-- Dumping data for table `nilai_sikap`
--

INSERT INTO `nilai_sikap` (`id_nilai_sikap`, `id_guru_mapel`, `id_kelas`, `nilai_buka`, `nilai_tekun`, `nilai_rajin`, `nilai_rasa`, `nilai_disiplin`, `nilai_kerjasama`, `nilai_ramah`, `nilai_hormat`, `nilai_jujur`, `nilai_janji`, `nilai_peduli`, `nilai_jawab`, `nis`, `id_ta`, `semester`, `ket`) VALUES
(1, 5, 22, '1', '1', '1', '1', '1', '1', '3', '1', '1', '1', '1', '1', '0027', 1, 2, 1),
(2, 5, 22, '1', '1', '1', '1', '1', '2', '1', '1', '1', '1', '1', '1', '1001', 1, 2, 1),
(3, 5, 22, '1', '1', '1', '1', '1', '1', '1', '3', '1', '1', '3', '1', '0026', 1, 2, 1),
(4, 5, 22, '5', '5', '5', '5', '5', '5', '2', '4', '2', '3', '2', '5', '0027', 1, 2, 2),
(5, 5, 22, '5', '5', '5', '3', '3', '3', '5', '5', '5', '2', '2', '2', '1001', 1, 2, 2),
(6, 5, 22, '5', '5', '5', '3', '3', '3', '5', '5', '5', '2', '2', '2', '1001', 1, 2, 2),
(7, 5, 22, '5', '5', '5', '5', '5', '5', '3', '5', '3', '5', '3', '5', '0026', 1, 2, 2);

-- --------------------------------------------------------

--
-- Table structure for table `nilai_trampil`
--

CREATE TABLE IF NOT EXISTS `nilai_trampil` (
  `id_nilai_trampil` int(11) NOT NULL AUTO_INCREMENT,
  `id_guru_mapel` int(11) NOT NULL,
  `id_kelas` int(11) NOT NULL,
  `nilai_1` varchar(5) NOT NULL,
  `nilai_2` varchar(5) NOT NULL,
  `nilai_3` varchar(5) NOT NULL,
  `nilai_4` varchar(5) NOT NULL,
  `nilai_5` varchar(5) NOT NULL,
  `nis` varchar(20) NOT NULL,
  `id_ta` int(5) NOT NULL,
  `semester` int(5) NOT NULL,
  `ket` int(2) NOT NULL,
  PRIMARY KEY (`id_nilai_trampil`)
) ENGINE=InnoDB  DEFAULT CHARSET=latin1 AUTO_INCREMENT=4 ;

--
-- Dumping data for table `nilai_trampil`
--

INSERT INTO `nilai_trampil` (`id_nilai_trampil`, `id_guru_mapel`, `id_kelas`, `nilai_1`, `nilai_2`, `nilai_3`, `nilai_4`, `nilai_5`, `nis`, `id_ta`, `semester`, `ket`) VALUES
(2, 5, 22, '10', '8', '8', '', '', '0027', 1, 2, 2),
(3, 5, 22, '10', '8', '9', '', '', '0027', 1, 2, 2);

-- --------------------------------------------------------

--
-- Table structure for table `semester`
--

CREATE TABLE IF NOT EXISTS `semester` (
  `id_semester` int(2) NOT NULL AUTO_INCREMENT,
  `semester` varchar(100) NOT NULL,
  `status` int(2) NOT NULL,
  PRIMARY KEY (`id_semester`)
) ENGINE=InnoDB  DEFAULT CHARSET=latin1 AUTO_INCREMENT=3 ;

--
-- Dumping data for table `semester`
--

INSERT INTO `semester` (`id_semester`, `semester`, `status`) VALUES
(1, 'Ganjil', 0),
(2, 'Genap', 1);

-- --------------------------------------------------------

--
-- Table structure for table `siswa`
--

CREATE TABLE IF NOT EXISTS `siswa` (
  `nis` varchar(20) COLLATE latin1_general_ci NOT NULL,
  `nama` varchar(100) COLLATE latin1_general_ci NOT NULL,
  `tempat_lahir` varchar(100) COLLATE latin1_general_ci NOT NULL,
  `tanggal_lahir` date NOT NULL,
  `alamat` varchar(200) COLLATE latin1_general_ci NOT NULL,
  `agama` int(2) NOT NULL,
  `gambar` varchar(100) COLLATE latin1_general_ci NOT NULL,
  `id_ta` varchar(4) COLLATE latin1_general_ci NOT NULL,
  `id_keahlian` int(11) NOT NULL,
  PRIMARY KEY (`nis`)
) ENGINE=MyISAM DEFAULT CHARSET=latin1 COLLATE=latin1_general_ci;

--
-- Dumping data for table `siswa`
--

INSERT INTO `siswa` (`nis`, `nama`, `tempat_lahir`, `tanggal_lahir`, `alamat`, `agama`, `gambar`, `id_ta`, `id_keahlian`) VALUES
('1126', 'IVAN ANDRYANTONO', 'Rembang', '2011-01-01', 'Rembang', 1, '', '17', 2),
('1124', 'FEBI RISMA CINDI ANTIKA', 'Rembang', '2011-01-01', 'Rembang', 1, '', '17', 2),
('1125', 'INDAH EKA HANDAYANI', 'Rembang', '2011-01-01', 'Rembang', 1, '', '17', 2),
('1123', 'ERVINA PUJI SEKARNINGRUM', 'Rembang', '2011-01-01', 'Rembang', 1, '', '17', 2),
('1122', 'ENDAH WAHYUNI', 'Rembang', '2011-01-01', 'Rembang', 1, '', '17', 2),
('1121', 'EKA FAZURA ANAPRATIWI', 'Rembang', '2011-01-01', 'Rembang', 1, '', '17', 2),
('1120', 'DEWI SETIANA', 'Rembang', '2011-01-01', 'Rembang', 1, '', '17', 2),
('1119', 'DEWI MARDIAN NINGRUM', 'Rembang', '2011-01-01', 'Rembang', 1, '', '17', 2),
('1118', 'DELLA YUNITASARI', 'Rembang', '2011-01-01', 'Rembang', 1, '', '17', 2),
('1117', 'AVIENOVICA AGUSTINA', 'Rembang', '2011-01-01', 'Rembang Jawa Tengah', 1, '', '17', 2),
('1116', 'AHMAD ZAINUL', 'Rembang', '2011-01-01', 'Rembang Jawa Tengah', 1, '', '17', 2),
('1127', 'LENI TAMARA', 'Rembang', '2011-01-01', 'Rembang', 1, '', '17', 2),
('1128', 'LISTIYANINGSIH', 'Rembang', '2011-01-01', 'Rembang', 1, '', '17', 2),
('1129', 'MARIATUL ULFA', 'Rembang', '2011-01-01', 'Rembang', 1, '', '17', 2),
('1130', 'MOCHAMMAD IBNU CHASANI', 'Rembang', '2011-01-01', 'Rembang', 1, '', '17', 2),
('1131', 'MUALIMAH', 'Rembang', '2011-01-01', 'Rembang', 1, '', '17', 2),
('1132', 'MUHAMMAD HABIB ZAMRONI', 'Rembang', '2011-01-01', 'Rembang', 1, '', '17', 2),
('1133', 'NANDANI RAHAYUNINGTYAS', 'Rembang', '2011-01-01', 'Rembang', 1, '', '17', 2),
('1134', 'NATALIA PUTRI AYUNIGTYAS', 'Rembang', '2011-01-01', 'Rembang', 1, '', '17', 2),
('1135', 'NI\\''MATUL KHOIRIYAH', 'Rembang', '2011-01-01', 'Rembang', 1, '', '17', 2),
('1136', 'NISWATUN KHASANAH', 'Rembang', '2011-01-01', 'Rembang', 1, '', '17', 2),
('1137', 'PRASASTI FITRI KUSUMA DEWI', 'Rembang', '2011-01-01', 'Rembang', 1, '', '17', 2),
('1138', 'PUTRI LESTARI', 'Rembang', '2011-01-01', 'Rembang', 1, '', '17', 2),
('1139', 'PUTRIWATI', 'Rembang', '2011-01-01', 'Rembang', 1, '', '17', 2),
('1140', 'QOMARIYATI', 'Rembang', '2011-01-01', 'Rembang', 1, '', '17', 2),
('1141', 'RAFIKA MELATI', 'Rembang', '2011-01-01', 'Rembang', 1, '', '17', 2),
('1142', 'RIYA SETYANINGSIH', 'Rembang', '2011-01-01', 'Rembang', 1, '', '17', 2),
('1143', 'RONI APRIANTONO', 'Rembang', '2011-01-01', 'Rembang', 1, '', '17', 2),
('1144', 'SARAH DESINA CLAUDIA', 'Rembang', '2011-01-01', 'Rembang', 1, '', '17', 2),
('1145', 'SETIYOWATI', 'Rembang', '2011-01-01', 'Rembang', 1, '', '17', 2),
('1146', 'SITI MUDRIKAH', 'Rembang', '2011-01-01', 'Rembang', 1, '', '17', 2),
('1148', 'SITI NURJANAH', 'Rembang', '2011-01-01', 'Rembang', 1, '', '17', 2),
('1147', 'SITI FATIMAH', 'Rembang', '2011-01-01', 'Rembang', 1, '', '17', 2),
('1149', 'TRI ADI KURNIANTO', 'Rembang', '2011-01-01', 'Rembang', 1, '', '17', 2),
('1150', 'TRI UTAMI', 'Rembang', '2011-01-01', 'Rembang', 1, '', '17', 2),
('1151', 'TRIA SAPUTRI', 'Rembang', '2011-01-01', 'Rembang', 1, '', '17', 2),
('1152', 'UMROTUL FADILAH', 'Rembang', '2011-01-01', 'Rembang', 1, '', '17', 2),
('1153', 'WINDI SUSMANTI', 'Rembang', '2011-01-01', 'Rembang Jawa Tengah', 1, '', '17', 2),
('1190', 'CAKRA AMINUDDIN', 'Rembang', '2011-01-01', 'Rembang Jawa Tengah 9210', 1, '', '17', 2),
('1210', 'Aminuddin Cakra', 'Rembang', '2011-01-01', 'Rembang', 1, '', '17', 3),
('2222', 'Bambang Pamungkas', 'Rembang', '2011-01-01', 'Rembang', 1, '', '17', 3),
('2233', 'Roy Sukro', 'Rembang', '2011-01-01', 'Rembang', 1, '', '17', 2),
('1340', 'ANDIKA', 'Rembang', '2011-01-01', 'Rembang', 1, '', '17', 2),
('1001', 'Raharjo Wilujeng', 'Rembang', '1987-07-21', 'Magersari Rembang', 1, '0', '1', 0),
('0025', 'Wisanggeni', 'Rembang', '1987-07-21', 'Magersari Rembang', 1, '0', '1', 0),
('0026', 'Rohmat Sholikhin', 'Rembang', '1987-06-19', 'Sumberjo Rembang', 1, '0', '1', 0),
('0027', 'Candra Wijaya', 'Rembang', '1985-10-15', 'Sumbergirang Lasem', 1, '0', '1', 0);

-- --------------------------------------------------------

--
-- Table structure for table `ta`
--

CREATE TABLE IF NOT EXISTS `ta` (
  `id_ta` int(11) NOT NULL AUTO_INCREMENT,
  `ta` varchar(100) COLLATE latin1_general_ci NOT NULL,
  `status` int(1) NOT NULL,
  PRIMARY KEY (`id_ta`)
) ENGINE=MyISAM  DEFAULT CHARSET=latin1 COLLATE=latin1_general_ci AUTO_INCREMENT=18 ;

--
-- Dumping data for table `ta`
--

INSERT INTO `ta` (`id_ta`, `ta`, `status`) VALUES
(1, '2010/2011', 1),
(17, '2011/2012', 0);

-- --------------------------------------------------------

--
-- Table structure for table `users`
--

CREATE TABLE IF NOT EXISTS `users` (
  `user_id` int(11) NOT NULL AUTO_INCREMENT,
  `userid` varchar(100) COLLATE latin1_general_ci NOT NULL,
  `passid` text COLLATE latin1_general_ci NOT NULL,
  `nameid` varchar(100) COLLATE latin1_general_ci NOT NULL,
  `alamatid` text COLLATE latin1_general_ci NOT NULL,
  `tingkatid` int(2) NOT NULL,
  `nip` varchar(20) COLLATE latin1_general_ci NOT NULL,
  PRIMARY KEY (`user_id`)
) ENGINE=MyISAM  DEFAULT CHARSET=latin1 COLLATE=latin1_general_ci AUTO_INCREMENT=62 ;

--
-- Dumping data for table `users`
--

INSERT INTO `users` (`user_id`, `userid`, `passid`, `nameid`, `alamatid`, `tingkatid`, `nip`) VALUES
(1, 'admin', '21232f297a57a5a743894a0e4a801fc3', 'Cakra Aminuddin', 'Magersari Rembang', 1, ''),
(44, 'cakra', '5bd5b4b22c2fc4f0ebf72406cb2fa630', 'Cakra aminuddin', 'Magersari Rembang', 3, '001'),
(54, 'andhim', '76e6bf75e9a2f0318cebebe3635bccda', 'Ismu Andhim', 'rembang', 3, '12345'),
(46, 'jumari', '21232f297a57a5a743894a0e4a801fc3', 'jumari', 'Pandeyan Rembang', 2, ''),
(53, 'bambang', 'a9711cbb2e3c2d5fc97a63e45bbe5076', 'Bambang Pamungkas', 'Magersari Rembang', 3, '016'),
(55, 'suryanto', '2e89ecc446a65cbc7e7337f93b39387d', 'SURYANTO', 'REMBANG, JAWA TENGAH', 3, '456'),
(56, 'pamungkas', '631e173de3ed06fd50e8f439a7c6f2cf', 'Bambang Pamungkas', 'Rembang', 3, '54321'),
(57, 'krisna', '948f5cc9f8c6c3b86a070beaca7d20bf', 'Krisna Cahyono', 'Tuban', 3, '012'),
(58, 'herman', 'a1a6907c989946085b0e35493786fce3', 'Herman Supeni', 'Rembang', 3, '021'),
(59, 'solihin', 'e2a85d4770703e3d62571f18d3ede236', 'Solikhin', 'Rembang', 3, '004'),
(60, 'aanss', '5bd5b4b22c2fc4f0ebf72406cb2fa630', 'Aan', 'Rembang', 3, '2221'),
(61, 'taryono', '21232f297a57a5a743894a0e4a801fc3', 'Taryono', 'Magersari Rembang', 3, '0125');

--
-- Constraints for dumped tables
--

--
-- Constraints for table `guru_mapel`
--
ALTER TABLE `guru_mapel`
  ADD CONSTRAINT `guru_mapel_ibfk_1` FOREIGN KEY (`id_mapel`) REFERENCES `mapel` (`id_mapel`) ON DELETE CASCADE ON UPDATE CASCADE;

/*!40101 SET CHARACTER_SET_CLIENT=@OLD_CHARACTER_SET_CLIENT */;
/*!40101 SET CHARACTER_SET_RESULTS=@OLD_CHARACTER_SET_RESULTS */;
/*!40101 SET COLLATION_CONNECTION=@OLD_COLLATION_CONNECTION */;
